Team,Season,id,firstName,lastName,sweaterNumber,positionCode,city,country,latitude,longitude
MIN,20242025,8470594,Marc-Andre,Fleury,29,G,Sorel,CAN,46.044404,-73.104744
STL,20242025,8470600,Ryan,Suter,22,D,Madison,USA,43.074761,-89.3837613
CAR,20242025,8470613,Brent,Burns,8,D,Barrie,CAN,44.3893208,-79.6901302
EDM,20242025,8470621,Corey,Perry,90,R,Peterborough,CAN,44.3048009,-78.3199496
WSH,20242025,8471214,Alex,Ovechkin,8,L,Moscow,RUS,55.7505412,37.6174782
PIT,20242025,8471215,Evgeni,Malkin,71,C,Magnitogorsk,RUS,53.4256867,59.0507322
PIT,20242025,8471675,Sidney,Crosby,87,C,Cole Harbour,CAN,44.6736008,-63.4877299
CBJ,20242025,8471677,Jack,Johnson,3,D,Indianapolis,USA,39.7683331,-86.1583502
LAK,20242025,8471685,Anze,Kopitar,11,C,Jesenice,SLO,46.4323726,14.062333
WSH,20242025,8471698,T.J.,Oshie,77,R,Everett,USA,47.9793437,-122.2127011
PIT,20242025,8471724,Kris,Letang,58,D,Montréal,CAN,45.5031824,-73.5698065
NYR,20242025,8471734,Jonathan,Quick,32,G,Milford,USA,41.2222218,-73.0570603
TOR,20242025,8471817,Ryan,Reaves,75,R,Winnipeg,CAN,49.8955367,-97.1384584
BOS,20242025,8473419,Brad,Marchand,63,L,Halifax,CAN,44.648618,-63.5859487
CHI,20242025,8473422,Nick,Foligno,17,L,Buffalo,USA,42.8867166,-78.8783922
PHI,20242025,8473446,Erik,Johnson,77,D,Bloomington,USA,39.1670396,-86.5342881
LAK,20242025,8473453,Trevor,Lewis,61,C,Salt Lake City,USA,40.7596198,-111.886797
ANA,20242025,8473503,James,Reimer,0,G,Morweena,CAN,50.9934677,-97.4087843
DET,20242025,8473507,Jeff,Petry,46,D,Ann Arbor,USA,42.2813722,-83.7484616
OTT,20242025,8473512,Claude,Giroux,28,R,Hearst,CAN,49.690732,-83.666382
CAR,20242025,8473533,Jordan,Staal,11,C,Thunder Bay,CAN,48.406414,-89.259796
WSH,20242025,8473563,Nicklas,Backstrom,19,C,Gavle,SWE,60.6750132,17.1467019
NYI,20242025,8473575,Semyon,Varlamov,40,G,Samara,RUS,53.2194648,50.2039316
ANA,20242025,8473986,Alex,Killorn,17,L,Halifax,CAN,44.648618,-63.5859487
DAL,20242025,8473994,Jamie,Benn,14,L,Victoria,CAN,48.4283182,-123.364953
UTA,20242025,8474013,Ian,Cole,28,D,Ann Arbor,USA,42.2813722,-83.7484616
CHI,20242025,8474034,Patrick,Maroon,77,L,St. Louis,USA,38.6280278,-90.1910154
CBJ,20242025,8474037,James,van Riemsdyk,21,L,Middletown,USA,41.5623178,-72.6509061
SJS,20242025,8474053,Logan,Couture,39,C,Guelph,CAN,43.5460516,-80.2493276
DAL,20242025,8474090,Brendan,Smith,2,D,Mimico,CAN,43.6166773,-79.4968048
OTT,20242025,8474102,David,Perron,57,L,Sherbrooke,CAN,45.403271,-71.889038
DET,20242025,8474141,Patrick,Kane,88,R,Buffalo,USA,42.8867166,-78.8783922
UTA,20242025,8474145,Robert,Bortuzzo,41,D,Thunder Bay,CAN,48.406414,-89.259796
DAL,20242025,8474149,Evgenii,Dadonov,63,R,Chelyabinsk,RUS,55.1559312,61.4012726
CGY,20242025,8474150,Mikael,Backlund,11,C,Vasteras,SWE,59.6110992,16.5463679
TBL,20242025,8474151,Ryan,McDonagh,27,D,St. Paul,USA,44.9497487,-93.0931028
TOR,20242025,8474157,Max,Pacioretty,67,L,New Canaan,USA,41.146763,-73.4948446
CHI,20242025,8474166,Alec,Martinez,25,D,Rochester Hills,USA,42.6583661,-83.1499322
PIT,20242025,8474189,Lars,Eller,20,C,Rodovre,DEN,55.6648012,12.4591846
LAK,20242025,8474563,Drew,Doughty,8,D,London,CAN,42.9832406,-81.243372
NSH,20242025,8474564,Steven,Stamkos,91,C,Markham,CAN,43.8563707,-79.3376825
VGK,20242025,8474565,Alex,Pietrangelo,7,D,King City,CAN,43.929489,-79.5252267
MIN,20242025,8474567,Zach,Bogosian,24,D,Massena,USA,41.253887,-94.7690678
NSH,20242025,8474568,Luke,Schenn,2,D,Saskatoon,CAN,52.131802,-106.660767
VAN,20242025,8474574,Tyler,Myers,57,D,Houston,USA,29.7589382,-95.3676974
PIT,20242025,8474578,Erik,Karlsson,65,D,Landsbro,SWE,57.3696208,14.9013204
SEA,20242025,8474586,Jordan,Eberle,7,R,Regina,CAN,50.4479733,-104.6158764
WSH,20242025,8474590,John,Carlson,74,D,Natick,USA,42.2836393,-71.346996
NJD,20242025,8474593,Jacob,Markstrom,25,G,Gavle,SWE,60.6750132,17.1467019
NJD,20242025,8474596,Jake,Allen,34,G,Fredericton,CAN,45.963233,-66.6432356
NSH,20242025,8474600,Roman,Josi,59,D,Bern,SUI,46.9484742,7.4521749
OTT,20242025,8474612,Travis,Hamonic,23,D,St. Malo,CAN,49.314695,-96.9538228
EDM,20242025,8474641,Adam,Henrique,19,C,Brantford,CAN,43.1408157,-80.2631733
CHI,20242025,8474673,TJ,Brodie,78,D,Chatham,CAN,42.4057219,-82.1853837
NSH,20242025,8474679,Gustav,Nyquist,14,C,Halmstad,SWE,56.6739826,12.8574827
TBL,20242025,8474715,Cam,Atkinson,13,R,Riverside,USA,33.9824949,-117.374238
MIN,20242025,8474716,Jared,Spurgeon,46,D,Edmonton,CAN,53.5462055,-113.491241
MIN,20242025,8475149,Marcus,Johansson,90,C,Landskrona,SWE,55.8698007,12.8296734
NYI,20242025,8475151,Kyle,Palmieri,21,C,Smithtown,USA,40.8559314,-73.2006687
NSH,20242025,8475158,Ryan,O'Reilly,90,C,Clinton,CAN,51.0916698,-121.5865244
TOR,20242025,8475166,John,Tavares,91,C,Mississauga,CAN,43.5896231,-79.6443879
TBL,20242025,8475167,Victor,Hedman,77,D,Ornskoldsvik,SWE,63.2888613,18.7160209
DAL,20242025,8475168,Matt,Duchene,95,C,Haliburton,CAN,45.1525396,-78.5148132
STL,20242025,8475170,Brayden,Schenn,10,C,Saskatoon,CAN,52.131802,-106.660767
TOR,20242025,8475171,Oliver,Ekman-Larsson,95,D,Karlskrona,SWE,56.1621073,15.5866422
CGY,20242025,8475172,Nazem,Kadri,91,C,London,CAN,42.9832406,-81.243372
PHI,20242025,8475176,Ryan,Ellis,94,D,Hamilton,CAN,43.2560802,-79.8728583
COL,20242025,8475177,Calvin,de Haan,44,D,Carp,CAN,45.345148,-76.03672
FLA,20242025,8475179,Dmitry,Kulikov,7,D,Lipetsk,RUS,52.6935178,39.1122664
STL,20242025,8475181,Nick,Leddy,4,D,Eden Prairie,USA,44.8546856,-93.470786
NYR,20242025,8475184,Chris,Kreider,20,L,Boxford,USA,42.6625764,-70.9977456
VGK,20242025,8475188,Brayden,McNabb,3,D,Davidson,CAN,51.2647972,-105.984596
NYR,20242025,8475191,Reilly,Smith,91,R,Mimico,CAN,43.6166773,-79.4968048
NJD,20242025,8475193,Tomas,Tatar,90,L,Ilava,SVK,48.9985674,18.2307598
CGY,20242025,8475197,Tyson,Barrie,8,D,Victoria,CAN,48.4283182,-123.364953
CAR,20242025,8475200,Dmitry,Orlov,7,D,Novokuznetsk,RUS,53.7575903,87.1358494
ANA,20242025,8475208,Brian,Dumoulin,6,D,Biddeford,USA,43.4925843,-70.4533844
EDM,20242025,8475218,Mattias,Ekholm,14,D,Borlange,SWE,60.4856426,15.4234561
MIN,20242025,8475220,Marcus,Foligno,17,L,Buffalo,USA,42.8867166,-78.8783922
CHI,20242025,8475225,Craig,Smith,15,C,Madison,USA,43.074761,-89.3837613
NYI,20242025,8475231,Casey,Cizikas,53,C,Toronto,CAN,43.6534817,-79.3839347
MTL,20242025,8475233,David,Savard,58,D,St-Hyacinthe,CAN,45.627484,-72.940636
PHI,20242025,8475235,Nicolas,Deslauriers,44,L,LaSalle,CAN,45.4325141,-73.6292667
DET,20242025,8475279,Ben,Chiarot,8,D,Hamilton,CAN,43.2560802,-79.8728583
NJD,20242025,8475287,Erik,Haula,56,L,Pori,FIN,61.4866126,21.7972071
LAK,20242025,8475311,Darcy,Kuemper,35,G,Saskatoon,CAN,52.131802,-106.660767
NYI,20242025,8475314,Anders,Lee,27,L,Edina,USA,44.8897027,-93.3501222
OTT,20242025,8475324,Nick,Jensen,3,D,Rogers,USA,36.3781607,-95.6190889
WSH,20242025,8475343,Nic,Dowd,26,C,Huntsville,USA,34.729847,-86.5859011
NJD,20242025,8475455,Brenden,Dillon,5,D,New Westminster,CAN,49.2067726,-122.9108818
ANA,20242025,8475462,Radko,Gudas,7,D,Prague,CZE,50.0596288,14.4464593
DET,20242025,8475660,Cam,Talbot,39,G,Caledonia,CAN,46.0493558,-62.6946746
FLA,20242025,8475683,Sergei,Bobrovsky,72,G,Novokuznetsk,RUS,53.7575903,87.1358494
TOR,20242025,8475690,Chris,Tanev,8,D,Toronto,CAN,43.6534817,-79.3839347
MIN,20242025,8475692,Mats,Zuccarello,36,R,Oslo,NOR,59.9133301,10.7389701
TOR,20242025,8475714,Calle,Jarnkrok,19,C,Gavle,SWE,60.6750132,17.1467019
EDM,20242025,8475717,Calvin,Pickard,30,G,Moncton,CAN,46.0985679,-64.8004265
DET,20242025,8475718,Justin,Holl,3,D,Tonka Bay,USA,44.9085741,-93.5930133
BUF,20242025,8475722,Jason,Zucker,17,L,Newport Beach,USA,33.6170092,-117.9294401
SJS,20242025,8475726,Tyler,Toffoli,73,C,Scarborough,CAN,43.7729744,-79.2576479
BOS,20242025,8475745,Charlie,Coyle,13,C,East Weymouth,USA,42.2193438,-70.9223328
MIN,20242025,8475750,Jon,Merrill,4,D,Oklahoma City,USA,35.4729886,-97.5170536
STL,20242025,8475753,Justin,Faulk,72,D,South St. Paul,USA,44.8906694,-93.0372808
NYI,20242025,8475754,Brock,Nelson,29,C,Warroad,USA,48.905266,-95.314404
VAN,20242025,8475762,Derek,Forbort,27,D,Duluth,USA,46.7729322,-92.1251218
PIT,20242025,8475763,Kevin,Hayes,13,R,Dorchester,USA,38.3930694,-76.0995677
ANA,20242025,8475764,Cam,Fowler,4,D,Windsor,CAN,42.3167397,-83.0373389
DET,20242025,8475765,Vladimir,Tarasenko,11,R,Yaroslavl,RUS,57.6263877,39.8933705
SEA,20242025,8475768,Jaden,Schwartz,17,C,Wilcox,CAN,50.097679,-104.7258
COL,20242025,8475780,Chris,Wagner,14,R,Walpole,USA,43.0795515,-72.4259725
EDM,20242025,8475784,Jeff,Skinner,53,C,Toronto,CAN,43.6534817,-79.3839347
EDM,20242025,8475786,Zach,Hyman,18,L,Toronto,CAN,43.6534817,-79.3839347
CBJ,20242025,8475790,Erik,Gudbranson,44,D,Ottawa,CAN,45.4208777,-75.6901106
CHI,20242025,8475791,Taylor,Hall,71,L,Calgary,CAN,51.0456064,-114.057541
DAL,20242025,8475794,Tyler,Seguin,91,C,Brampton,CAN,43.685832,-79.7599366
WSH,20242025,8475795,Dylan,McIlrath,52,D,Winnipeg,CAN,49.8955367,-97.1384584
SJS,20242025,8475798,Mikael,Granlund,64,C,Oulu,FIN,65.0118734,25.4716809
WPG,20242025,8475799,Nino,Niederreiter,62,R,Chur,SUI,46.854747,9.5264904
NSH,20242025,8475809,Scott,Wedgewood,41,G,Brampton,CAN,43.685832,-79.7599366
PIT,20242025,8475810,Bryan,Rust,17,R,Pontiac,USA,42.6389216,-83.2910468
SEA,20242025,8475831,Philipp,Grubauer,31,G,Rosenheim,GER,47.8539273,12.127262
NYR,20242025,8475842,Sam,Carrick,39,C,Markham,CAN,43.8563707,-79.3376825
MTL,20242025,8475848,Brendan,Gallagher,11,R,Edmonton,CAN,53.5462055,-113.491241
CHI,20242025,8475852,Petr,Mrazek,34,G,Ostrava,CZE,49.8349139,18.2820084
CAR,20242025,8475883,Frederik,Andersen,31,G,Herning,DEN,56.1379757,8.9746623
VGK,20242025,8475913,Mark,Stone,61,R,Winnipeg,CAN,49.8955367,-97.1384584
DAL,20242025,8476278,Colin,Blackwell,15,C,North Andover,USA,42.6839894,-71.1127065
NJD,20242025,8476292,Ondrej,Palat,18,L,Frydek-Mistek,CZE,49.685635,18.3483416
COL,20242025,8476312,Josh,Manson,42,D,Hinsdale,USA,37.813681,-107.3304179
WPG,20242025,8476331,Dylan,DeMelo,2,D,London,CAN,42.9832406,-81.243372
OTT,20242025,8476341,Anton,Forsberg,31,G,Härnösand,SWE,62.6323084,17.9379914
PHI,20242025,8476372,Nick,Seeler,24,D,Eden Prairie,USA,44.8546856,-93.470786
CBJ,20242025,8476374,Sean,Kuraly,7,C,Niagara Falls,USA,43.08436,-79.0614686
NYR,20242025,8476389,Vincent,Trocheck,16,C,Pittsburgh,USA,40.4416941,-79.9900861
WPG,20242025,8476392,Adam,Lowry,17,C,St. Louis,USA,38.6280278,-90.1910154
OTT,20242025,8476393,Nick,Cousins,21,C,Belleville,CAN,44.1633264,-77.3852556
CGY,20242025,8476399,Blake,Coleman,20,C,Plano,USA,33.0136764,-96.6925096
STL,20242025,8476412,Jordan,Binnington,50,G,Richmond Hill,CAN,43.8801166,-79.4392925
NYI,20242025,8476419,Jean-Gabriel,Pageau,44,C,Ottawa,CAN,45.4208777,-75.6901106
NYI,20242025,8476422,Mike,Reilly,2,D,Chicago,USA,41.8755616,-87.6244212
NYI,20242025,8476429,Scott,Mayfield,24,D,St. Louis,USA,38.6280278,-90.1910154
CBJ,20242025,8476432,Boone,Jenner,38,C,Dorchester,CAN,45.8992863,-64.5170033
ANA,20242025,8476434,John,Gibson,36,G,Pittsburgh,USA,40.4416941,-79.9900861
STL,20242025,8476438,Brandon,Saad,20,L,Pittsburgh,USA,40.4416941,-79.9900861
LAK,20242025,8476441,Joel,Edmundson,6,D,Brandon,CAN,49.8511143,-99.9608924
PIT,20242025,8476442,Matt,Nieto,83,L,Long Beach,USA,33.7690164,-118.191604
TBL,20242025,8476453,Nikita,Kucherov,86,R,Maykop,RUS,44.6062079,40.104053
EDM,20242025,8476454,Ryan,Nugent-Hopkins,93,C,Burnaby,CAN,49.2433804,-122.972545
CGY,20242025,8476456,Jonathan,Huberdeau,10,C,Saint-Jerome,CAN,45.7780402,-74.0033272
SEA,20242025,8476457,Adam,Larsson,6,D,Skelleftea,SWE,64.7520185,20.959339
ANA,20242025,8476458,Ryan,Strome,16,C,Mississauga,CAN,43.5896231,-79.6443879
NYR,20242025,8476459,Mika,Zibanejad,93,C,Stockholm,SWE,59.3251172,18.0710935
WPG,20242025,8476460,Mark,Scheifele,55,C,Kitchener,CAN,43.451291,-80.4927815
PHI,20242025,8476461,Sean,Couturier,14,C,Phoenix,USA,33.4484367,-112.074141
NJD,20242025,8476462,Dougie,Hamilton,7,D,Toronto,CAN,43.6534817,-79.3839347
MIN,20242025,8476463,Jonas,Brodin,25,D,Karlstad,SWE,59.3809146,13.5027631
SEA,20242025,8476467,Jamie,Oleksiak,24,D,Toronto,CAN,43.6534817,-79.3839347
VAN,20242025,8476468,J.T.,Miller,9,C,East Palestine,USA,40.8339509,-80.5403469
MTL,20242025,8476469,Joel,Armia,40,R,Pori,FIN,61.4866126,21.7972071
CHI,20242025,8476473,Connor,Murphy,5,D,Dublin,USA,40.0996009,-83.1135563
NJD,20242025,8476474,Stefan,Noesen,11,R,Plano,USA,33.0136764,-96.6925096
LAK,20242025,8476479,Phillip,Danault,24,C,Victoriaville,CAN,46.0554948,-71.9598586
WPG,20242025,8476480,Vladislav,Namestnikov,7,C,Zhukovskiy,RUS,53.8907473,59.0129537
PIT,20242025,8476483,Rickard,Rakell,67,R,Sundbyberg,SWE,59.3628802,17.9681359
WPG,20242025,8476525,Colin,Miller,6,D,Sault Ste. Marie,CAN,46.5126554,-84.3330301
NSH,20242025,8476539,Jonathan,Marchessault,81,C,Cap-Rouge,CAN,46.747389,-71.352425
SJS,20242025,8476624,Barclay,Goodrow,23,R,Toronto,CAN,43.6534817,-79.3839347
TBL,20242025,8476822,Luke,Glendening,11,C,Grand Rapids,USA,42.9632425,-85.6678639
SEA,20242025,8476826,Yanni,Gourde,37,C,Saint-Narcisse,CAN,46.564054,-72.472
TOR,20242025,8476853,Morgan,Rielly,44,D,Vancouver,CAN,49.2608724,-123.113952
BOS,20242025,8476854,Hampus,Lindholm,27,D,Helsingborg,SWE,56.0442098,12.703706
DAL,20242025,8476856,Mathew,Dumba,3,D,Regina,CAN,50.4479733,-104.6158764
NSH,20242025,8476869,Brady,Skjei,76,D,Lakeville,USA,44.650051,-93.2432791
VGK,20242025,8476871,Tanner,Pearson,70,L,Kitchener,CAN,43.451291,-80.4927815
PHI,20242025,8476872,Scott,Laughton,21,C,Oakville,CAN,43.447436,-79.666672
NSH,20242025,8476873,Mark,Jankowski,17,C,Hamilton,CAN,43.2560802,-79.8728583
DET,20242025,8476874,Olli,Maatta,2,D,Jyväskylä,FIN,62.2417066,25.7495727
MTL,20242025,8476875,Mike,Matheson,8,D,Pointe-Claire,CAN,45.4566767,-73.8067442
TBL,20242025,8476878,Zemgus,Girgensons,28,C,Riga,LAT,56.9493977,24.1051846
SJS,20242025,8476879,Cody,Ceci,4,D,Ottawa,CAN,45.4208777,-75.6901106
WSH,20242025,8476880,Tom,Wilson,43,R,Toronto,CAN,43.6534817,-79.3839347
VGK,20242025,8476881,Tomas,Hertl,48,C,Praha,CZE,50.0596288,14.4464593
CHI,20242025,8476882,Teuvo,Teravainen,86,C,Helsinki,FIN,60.1674881,24.9427473
TBL,20242025,8476883,Andrei,Vasilevskiy,88,G,Tyumen,RUS,57.153534,65.542274
NYR,20242025,8476885,Jacob,Trouba,8,D,Rochester,USA,43.157285,-77.615214
NSH,20242025,8476887,Filip,Forsberg,9,L,Ostervala,SWE,60.1809325,17.1780842
STL,20242025,8476889,Radek,Faksa,12,C,Vitkov,CZE,49.7758144,17.7517864
PIT,20242025,8476891,Matt,Grzelcyk,24,D,Charlestown,USA,42.3778749,-71.0619957
STL,20242025,8476892,Colton,Parayko,55,D,St. Albert,CAN,53.633239,-113.628845
STL,20242025,8476897,Oskar,Sundqvist,70,C,Boden,SWE,65.8275004,21.6964105
DAL,20242025,8476902,Esa,Lindell,23,D,Vantaa,FIN,60.2933337,25.0407809
SEA,20242025,8476905,Chandler,Stephenson,9,C,Saskatoon,CAN,52.131802,-106.660767
CAR,20242025,8476906,Shayne,Gostisbehere,4,D,Pembroke Pines,USA,26.0061943,-80.2872086
BOS,20242025,8476914,Joonas,Korpisalo,70,G,Pori,FIN,61.4866126,21.7972071
NYI,20242025,8476917,Adam,Pelech,3,D,Toronto,CAN,43.6534817,-79.3839347
NYR,20242025,8476918,Jimmy,Vesey,26,L,Boston,USA,42.3554334,-71.060511
CAR,20242025,8476921,Jordan,Martinook,48,L,Brandon,CAN,49.8511143,-99.9608924
CBJ,20242025,8476923,Damon,Severson,78,D,Melville,CAN,50.9307241,-102.807296
NSH,20242025,8476925,Colton,Sissons,10,C,North Vancouver,CAN,49.3206294,-123.0737925
VAN,20242025,8476927,Teddy,Blueger,53,C,Riga,LAT,56.9493977,24.1051846
TOR,20242025,8476931,Jake,McCabe,22,D,Eau Claire,USA,44.811349,-91.4984941
TOR,20242025,8476932,Anthony,Stolarz,41,G,Edison,USA,40.518157,-74.4113926
ANA,20242025,8476934,Brock,McGinn,26,L,Fergus,CAN,43.7059439,-80.3779366
WPG,20242025,8476945,Connor,Hellebuyck,37,G,Commerce,USA,34.003218,-118.1541961
CAR,20242025,8476958,Jaccob,Slavin,74,D,Denver,USA,39.7392364,-104.984862
CHI,20242025,8476960,Andreas,Athanasiou,89,C,Woodbridge,CAN,43.7848982,-79.5923855
EDM,20242025,8476967,Brett,Kulak,27,D,Edmonton,CAN,53.5462055,-113.491241
DET,20242025,8476979,Erik,Gustafsson,56,D,Nynashamn,SWE,58.9056457,17.9470987
MTL,20242025,8476981,Josh,Anderson,17,R,Burlington,CAN,43.3248924,-79.7966835
SJS,20242025,8476988,Matt,Benning,5,D,Edmonton,CAN,53.5462055,-113.491241
OTT,20242025,8476999,Linus,Ullmark,35,G,Lugnvik,SWE,62.9295771,17.9142347
EDM,20242025,8477015,Connor,Brown,28,R,Toronto,CAN,43.6534817,-79.3839347
VGK,20242025,8477018,Ben,Hutton,17,D,Brockville,CAN,44.5895925,-75.6843332
UTA,20242025,8477021,Alexander,Kerfoot,15,C,Vancouver,CAN,49.2608724,-123.113952
UTA,20242025,8477070,Liam,O'Brien,38,C,Halifax,CAN,44.648618,-63.5859487
NJD,20242025,8477073,Kurtis,MacDermid,23,L,Quebec City,CAN,46.8137431,-71.2084061
FLA,20242025,8477220,Nate,Schmidt,88,D,St. Cloud,USA,45.5616075,-94.1642004
LAK,20242025,8477335,Kyle,Burroughs,7,D,Vancouver,CAN,49.2608724,-123.113952
CGY,20242025,8477346,MacKenzie,Weegar,52,D,Ottawa,CAN,45.4208777,-75.6901106
DET,20242025,8477353,Tyler,Motte,14,C,St. Clair,USA,38.0592942,-93.7945456
BUF,20242025,8477365,Connor,Clifton,75,D,Matawan,USA,40.41483,-74.2295891
VAN,20242025,8477369,Carson,Soucy,7,D,Viking,CAN,53.0972884,-111.7771466
NYR,20242025,8477380,Jonny,Brodzinski,22,C,Ham Lake,USA,45.2502429,-93.2499508
STL,20242025,8477402,Pavel,Buchnevich,89,L,Cherepovets,RUS,59.1244222,37.9124677
TBL,20242025,8477404,Jake,Guentzel,59,C,Omaha,USA,41.2587459,-95.9383758
EDM,20242025,8477406,Mattias,Janmark,13,C,Danderyd,SWE,59.4043647,18.0358505
NYI,20242025,8477407,Anthony,Duclair,11,L,Pointe-Claire,CAN,45.4566767,-73.8067442
FLA,20242025,8477409,Carter,Verhaeghe,23,C,Toronto,CAN,43.6534817,-79.3839347
SEA,20242025,8477416,Oliver,Bjorkstrand,22,R,Herning,DEN,56.1379757,8.9746623
NSH,20242025,8477424,Juuse,Saros,74,G,Forssa,FIN,60.8155736,23.629833
COL,20242025,8477425,Miles,Wood,28,L,Buffalo,USA,42.8867166,-78.8783922
TBL,20242025,8477426,Nick,Paul,20,L,Mississauga,CAN,43.5896231,-79.6443879
DET,20242025,8477429,Andrew,Copp,18,C,Ann Arbor,USA,42.2813722,-83.7484616
PIT,20242025,8477435,Ryan,Graves,27,D,Yarmouth,CAN,43.8372648,-66.1157
SEA,20242025,8477444,Andre,Burakovsky,95,L,Klagenfurt,AUT,46.623943,14.3075976
NSH,20242025,8477446,Michael,McCarron,47,R,Grosse Pointe,USA,42.3861485,-82.9118591
VGK,20242025,8477447,Shea,Theodore,27,D,Aldergrove,CAN,53.5167841,-113.6412
CHI,20242025,8477450,Jason,Dickinson,16,C,Georgetown,CAN,46.1844077,-62.5315437
MIN,20242025,8477451,Ryan,Hartman,38,R,Hilton Head Island,USA,32.1618488,-80.7512616
DET,20242025,8477456,J.T.,Compher,37,L,Northbrook,USA,42.128704,-87.8265089
PIT,20242025,8477465,Tristan,Jarry,35,G,Surrey,CAN,49.1913033,-122.849143
CAR,20242025,8477478,William,Carrier,28,L,LaSalle,CAN,45.4325141,-73.6292667
CHI,20242025,8477479,Tyler,Bertuzzi,59,L,Sudbury,CAN,46.49272,-80.991211
WPG,20242025,8477480,Eric,Comrie,1,G,Edmonton,CAN,53.5462055,-113.491241
NJD,20242025,8477488,Brett,Pesce,22,D,Tarrytown,USA,41.0762077,-73.8587461
COL,20242025,8477492,Nathan,MacKinnon,29,C,Halifax,CAN,44.648618,-63.5859487
FLA,20242025,8477493,Aleksander,Barkov,16,C,Tampere,FIN,61.4980214,23.7603118
COL,20242025,8477494,Jonathan,Drouin,27,L,Ste-Agathe,CAN,46.110996,-74.2938383
CHI,20242025,8477495,Seth,Jones,4,D,Arlington,USA,32.7355816,-97.1071186
BOS,20242025,8477496,Elias,Lindholm,28,C,Boden,SWE,65.8275004,21.6964105
CBJ,20242025,8477497,Sean,Monahan,23,C,Brampton,CAN,43.685832,-79.7599366
EDM,20242025,8477498,Darnell,Nurse,25,D,Hamilton,CAN,43.2560802,-79.8728583
PHI,20242025,8477499,Rasmus,Ristolainen,55,D,Turku,FIN,60.4517531,22.2670522
NYI,20242025,8477500,Bo,Horvat,14,C,London,CAN,42.9832406,-81.243372
TOR,20242025,8477503,Max,Domi,11,C,Winnipeg,CAN,49.8955367,-97.1384584
WPG,20242025,8477504,Josh,Morrissey,44,D,Calgary,CAN,51.0456064,-114.057541
SJS,20242025,8477505,Alexander,Wennberg,21,C,Stockholm,SWE,59.3251172,18.0710935
NYI,20242025,8477506,Ryan,Pulock,6,D,Dauphin,CAN,51.153509,-100.04425
BOS,20242025,8477507,Nikita,Zadorov,91,D,Moscow,RUS,55.7505412,37.6174782
NJD,20242025,8477508,Curtis,Lazar,42,C,Salmon Arm,CAN,50.7005059,-119.2790529
CGY,20242025,8477511,Anthony,Mantha,39,R,Longueuil,CAN,45.521906,-73.4644578
ANA,20242025,8477527,Ross,Johnston,44,L,Charlottetown,CAN,46.234953,-63.132935
TOR,20242025,8477541,Dakota,Mermis,36,D,Alton,USA,38.8908583,-90.1843091
STL,20242025,8477573,Nathan,Walker,26,L,Cardiff,GBR,51.4816546,-3.1791934
CGY,20242025,8477810,Joel,Hanley,44,D,Keswick,CAN,44.2396166,-79.4686558
WSH,20242025,8477845,Trevor,van Riemsdyk,57,D,Middletown,USA,41.5623178,-72.6509061
PHI,20242025,8477903,Garnet,Hathaway,19,R,Naples,USA,26.1421976,-81.7942944
MIN,20242025,8477919,Frederick,Gaudreau,89,C,Bromont,CAN,45.3187339,-72.6463074
FLA,20242025,8477931,Tomas,Nosek,92,L,Pardubice,CZE,50.0385812,15.7791356
FLA,20242025,8477932,Aaron,Ekblad,5,D,Windsor,CAN,42.3167397,-83.0373389
FLA,20242025,8477933,Sam,Reinhart,13,C,West Vancouver,CAN,49.3311208,-123.159479
EDM,20242025,8477934,Leon,Draisaitl,29,C,Cologne,GER,50.938361,6.959974
FLA,20242025,8477935,Sam,Bennett,9,C,Holland Landing,CAN,44.1015097,-79.4914772
WPG,20242025,8477938,Haydn,Fleury,24,D,Carlyle,CAN,49.6337518,-102.2669689
TOR,20242025,8477939,William,Nylander,88,R,Calgary,CAN,51.0456064,-114.057541
WPG,20242025,8477940,Nikolaj,Ehlers,27,L,Aalborg,DEN,57.0462626,9.9215263
LAK,20242025,8477942,Kevin,Fiala,22,L,St. Gallen,SUI,47.425618,9.3762397
WSH,20242025,8477944,Jakub,Vrana,13,L,Prague,CZE,50.0596288,14.4464593
DET,20242025,8477946,Dylan,Larkin,71,C,Waterford,USA,41.358659,-72.1519367
WSH,20242025,8477947,Sonny,Milano,15,L,Massapequa,USA,40.6761472,-73.4696557
PHI,20242025,8477948,Travis,Sanheim,6,D,Elkhorn,CAN,49.9753411,-101.2365875
BUF,20242025,8477949,Alex,Tuch,89,R,Syracuse,USA,43.0481221,-76.1474244
UTA,20242025,8477951,Nick,Schmaltz,8,C,Madison,USA,43.074761,-89.3837613
ANA,20242025,8477952,Robby,Fabbri,13,C,Mississauga,CAN,43.5896231,-79.6443879
STL,20242025,8477953,Kasperi,Kapanen,42,R,Kuopio,FIN,62.8924601,27.6781839
SEA,20242025,8477955,Jared,McCann,19,L,Stratford,CAN,43.3700899,-80.9818016
BOS,20242025,8477956,David,Pastrnak,88,R,Havirov,CZE,49.7801136,18.4368451
LAK,20242025,8477960,Adrian,Kempe,9,R,Kramfors,SWE,62.916667,17.666667
VGK,20242025,8477964,Ivan,Barbashev,49,C,Moscow,RUS,55.7505412,37.6174782
PIT,20242025,8477968,Alex,Nedeljkovic,39,G,Parma,USA,41.3822398,-81.7355692
PIT,20242025,8477969,Marcus,Pettersson,28,D,Skelleftea,SWE,64.7520185,20.959339
SJS,20242025,8477970,Vitek,Vanecek,41,G,Havlickuv Brod,CZE,49.606942,15.5795748
LAK,20242025,8477971,Andreas,Englund,5,D,Stockholm,SWE,59.3251172,18.0710935
BUF,20242025,8477979,Nicolas,Aube-Kubel,96,R,Slave Lake,CAN,55.2810741,-114.7717876
SEA,20242025,8477986,Brandon,Montour,62,D,Brantford,CAN,43.1408157,-80.2631733
CHI,20242025,8477987,Ryan,Donato,8,C,Boston,USA,42.3554334,-71.060511
MTL,20242025,8477989,Christian,Dvorak,28,C,Palos,USA,39.5320146,-82.0731997
TBL,20242025,8477992,Jonas,Johansson,31,G,Gavle,SWE,60.6750132,17.1467019
CGY,20242025,8477993,Justin,Kirkland,58,C,Winnipeg,CAN,49.8955367,-97.1384584
LAK,20242025,8477998,Warren,Foegele,37,L,Markham,CAN,43.8563707,-79.3376825
CBJ,20242025,8478007,Elvis,Merzlikins,90,G,Riga,LAT,56.9493977,24.1051846
NYI,20242025,8478009,Ilya,Sorokin,30,G,Mezhdurechensk,RUS,53.6863763,88.0703443
TBL,20242025,8478010,Brayden,Point,21,C,Calgary,CAN,51.0456064,-114.057541
SJS,20242025,8478013,Jake,Walman,96,D,Toronto,CAN,43.6534817,-79.3839347
OTT,20242025,8478020,Michael,Amadio,22,R,Sault Ste. Marie,CAN,46.5126554,-84.3330301
COL,20242025,8478038,Devon,Toews,7,D,Abbotsford,CAN,49.0521162,-122.329479
COL,20242025,8478039,Kaapo,Kahkonen,34,G,Helsinki,FIN,60.1674881,24.9427473
EDM,20242025,8478042,Viktor,Arvidsson,33,L,Skelleftea,SWE,64.7520185,20.959339
BUF,20242025,8478043,Sam,Lafferty,81,C,Hollidaysburg,USA,40.430774,-78.3900826
VAN,20242025,8478046,Danton,Heinen,20,L,Langley,CAN,49.1039289,-122.657047
PIT,20242025,8478047,Michael,Bunting,8,L,Scarborough,CAN,43.7729744,-79.2576479
NYR,20242025,8478048,Igor,Shesterkin,31,G,Moscow,RUS,55.7505412,37.6174782
FLA,20242025,8478055,Gustav,Forsling,42,D,Linkoping,SWE,58.4098135,15.6245252
CBJ,20242025,8478099,Kevin,Labanc,62,R,Brooklyn,USA,40.6526006,-73.9497211
VGK,20242025,8478109,Victor,Olofsson,95,R,Ornskoldsvik,SWE,63.2888613,18.7160209
MTL,20242025,8478133,Jake,Evans,71,C,Toronto,CAN,43.6534817,-79.3839347
MIN,20242025,8478136,Jake,Middleton,5,D,Wainwright,CAN,52.8402725,-110.8514344
TBL,20242025,8478178,Darren,Raddysh,43,D,Toronto,CAN,43.6534817,-79.3839347
WSH,20242025,8478233,Andrew,Mangiapane,88,L,Toronto,CAN,43.6534817,-79.3839347
ANA,20242025,8478366,Frank,Vatrano,77,R,East Longmeadow,USA,42.064906,-72.5129296
VGK,20242025,8478396,Noah,Hanifin,15,D,Boston,USA,42.3554334,-71.060511
CGY,20242025,8478397,Rasmus,Andersson,4,D,Malmo,SWE,55.6052931,13.0001566
WPG,20242025,8478398,Kyle,Connor,81,L,Shelby Township,USA,43.5974492,-86.3379509
NJD,20242025,8478399,Jonas,Siegenthaler,71,D,Zurich,SUI,47.3744489,8.5410422
BOS,20242025,8478401,Pavel,Zacha,18,C,Brno,CZE,49.1922443,16.6113382
EDM,20242025,8478402,Connor,McDavid,97,C,Richmond Hill,CAN,43.8801166,-79.4392925
VGK,20242025,8478403,Jack,Eichel,9,C,North Chelmsford,USA,42.6389798,-71.3828403
SJS,20242025,8478406,Mackenzie,Blackwood,29,G,Thunder Bay,CAN,48.406414,-89.259796
SEA,20242025,8478407,Vince,Dunn,29,D,Mississauga,CAN,43.5896231,-79.6443879
EDM,20242025,8478408,Travis,Dermott,24,D,Newmarket,CAN,44.056258,-79.461708
BUF,20242025,8478413,Jordan,Greenway,12,L,Canton,USA,40.7985464,-81.3749508
NJD,20242025,8478414,Timo,Meier,28,R,Herisau,SUI,47.38555,9.2787571
TBL,20242025,8478416,Erik,Cernak,81,D,Kosice,SVK,48.7172272,21.2496774
COL,20242025,8478420,Mikko,Rantanen,96,R,Nousiainen,FIN,60.5992408,22.0840745
FLA,20242025,8478421,A.J.,Greer,10,L,Joliette,CAN,46.0239798,-73.4419936
CAR,20242025,8478427,Sebastian,Aho,20,C,Rauma,FIN,61.1289148,21.5039401
COL,20242025,8478430,Oliver,Kylington,58,D,Stockholm,SWE,59.3251172,18.0710935
DET,20242025,8478432,Christian,Fischer,36,R,Chicago,USA,41.8755616,-87.6244212
VGK,20242025,8478434,Keegan,Kolesar,55,R,Brandon,CAN,49.8511143,-99.9608924
CGY,20242025,8478435,Dan,Vladar,80,G,Prague,CZE,50.0596288,14.4464593
NSH,20242025,8478438,Tommy,Novak,82,C,St. Paul,USA,44.9497487,-93.0931028
PHI,20242025,8478439,Travis,Konecny,11,R,London,CAN,42.9832406,-81.243372
WSH,20242025,8478440,Dylan,Strome,17,C,Mississauga,CAN,43.5896231,-79.6443879
BOS,20242025,8478443,Brandon,Carlo,25,D,Colorado Springs,USA,38.8339578,-104.825348
VAN,20242025,8478444,Brock,Boeser,6,R,Burnsville,USA,44.7670567,-93.2773887
NYI,20242025,8478445,Mathew,Barzal,13,C,Coquitlam,CAN,49.2842958,-122.793281
DAL,20242025,8478449,Roope,Hintz,24,C,Nokia,FIN,61.4781666,23.5096158
BOS,20242025,8478450,Parker,Wotherspoon,29,D,Surrey,CAN,49.1913033,-122.849143
LAK,20242025,8478452,Caleb,Jones,82,D,Arlington,USA,32.7355816,-97.1071186
VAN,20242025,8478454,Noah,Juulsen,47,D,Surrey,CAN,49.1913033,-122.849143
CAR,20242025,8478458,Jack,Roslovic,96,C,Columbus,USA,39.9622601,-83.0007065
CBJ,20242025,8478460,Zach,Werenski,8,D,Grosse Pointe,USA,42.3861485,-82.9118591
VGK,20242025,8478462,Nicolas,Roy,10,C,Amos,CAN,48.5718519,-78.1160856
PIT,20242025,8478463,Anthony,Beauvillier,72,L,Sorel-Tracy,CAN,46.0435235,-73.1165159
VAN,20242025,8478466,Daniel,Sprong,91,R,Amsterdam,NED,52.3730796,4.8924534
NSH,20242025,8478468,Jeremy,Lauzon,3,D,Val-d'Or,CAN,48.1023356,-77.7875715
OTT,20242025,8478469,Thomas,Chabot,72,D,Sainte-Marie,CAN,46.450395,-71.030731
MTL,20242025,8478470,Sam,Montembeault,35,G,Becancour,CAN,46.3415746,-72.4335088
STL,20242025,8478472,Mathieu,Joseph,71,R,Laval,CAN,45.6055889,-73.7345601
UTA,20242025,8478474,Lawson,Crouse,67,L,Mt. Brydges,CAN,42.9097165,-81.4957317
TOR,20242025,8478483,Mitch,Marner,16,R,Markham,CAN,43.8563707,-79.3376825
VGK,20242025,8478492,Ilya,Samsonov,35,G,Magnitogorsk,RUS,53.4256867,59.0507322
MIN,20242025,8478493,Joel,Eriksson Ek,14,C,Karlstad,SWE,59.3809146,13.5027631
VAN,20242025,8478498,Jake,DeBrusk,74,L,Edmonton,CAN,53.5462055,-113.491241
VGK,20242025,8478499,Adin,Hill,33,G,Comox,CAN,49.6727575,-124.9276204
CBJ,20242025,8478500,Ivan,Provorov,9,D,Yaroslavl,RUS,57.6263877,39.8933705
BUF,20242025,8478502,Dennis,Gilbert,8,D,Buffalo,USA,42.8867166,-78.8783922
MIN,20242025,8478508,Yakov,Trenin,13,C,Chelyabinsk,RUS,55.1559312,61.4012726
TBL,20242025,8478519,Anthony,Cirelli,71,C,Etobicoke,CAN,43.6435559,-79.5656326
FLA,20242025,8478542,Evan,Rodrigues,17,C,Toronto,CAN,43.6534817,-79.3839347
NYR,20242025,8478550,Artemi,Panarin,10,L,Korkino,RUS,54.889923,61.407963
PIT,20242025,8478569,Noel,Acciari,55,C,Johnston,USA,16.7524461,-169.5107016
EDM,20242025,8478585,Derek,Ryan,10,C,Spokane,USA,47.6571934,-117.42351
UTA,20242025,8478831,Kevin,Stenlund,82,C,Stockholm,SWE,59.3251172,18.0710935
SEA,20242025,8478840,Will,Borgen,3,D,Moorhead,USA,46.8739081,-96.7538674
NSH,20242025,8478851,Alexandre,Carrier,45,D,Quebec City,CAN,46.8137431,-71.2084061
PIT,20242025,8478854,Ryan,Shea,5,D,Milton,USA,42.2501425,-71.065573
VAN,20242025,8478856,Conor,Garland,8,R,Scituate,USA,42.1924492,-70.7261966
FLA,20242025,8478859,Niko,Mikkola,77,D,Kiiminki,FIN,65.1299324,25.7773028
MIN,20242025,8478864,Kirill,Kaprizov,97,L,Novokuznetsk,RUS,53.7575903,87.1358494
UTA,20242025,8478872,Karel,Vejmelka,70,G,Trebic,CZE,49.2151907,15.8816091
ANA,20242025,8478873,Troy,Terry,19,R,Denver,USA,39.7392364,-104.984862
OTT,20242025,8478874,Adam,Gaudette,81,R,Braintree,USA,42.2205956,-71.0041229
LAK,20242025,8478882,Vladislav,Gavrikov,84,D,Yaroslavl,RUS,57.6263877,39.8933705
WPG,20242025,8478891,Mason,Appleton,22,C,Green Bay,USA,44.5126379,-88.0125794
TOR,20242025,8478904,Steven,Lorentz,18,C,Kitchener,CAN,43.451291,-80.4927815
PHI,20242025,8478905,Ivan,Fedotov,82,G,Lappeenranta,FIN,61.0583713,28.1862742
WSH,20242025,8478911,Matt,Roy,3,D,Detroit,USA,42.3315509,-83.0466403
SEA,20242025,8478916,Joey,Daccord,35,G,Boston,USA,42.3554334,-71.060511
CAR,20242025,8478970,Jalen,Chatfield,5,D,Ypsilanti,USA,42.241051,-83.6117646
UTA,20242025,8478971,Connor,Ingram,39,G,Saskatoon,CAN,52.131802,-106.660767
DAL,20242025,8478975,Mason,Marchment,27,L,Uxbridge,CAN,44.1088502,-79.1226768
TOR,20242025,8479026,Philippe,Myers,51,D,Moncton,CAN,46.0985679,-64.8004265
CGY,20242025,8479066,Ryan,Lomberg,70,L,Richmond Hill,CAN,43.8801166,-79.4392925
DAL,20242025,8479193,Casey,DeSmith,1,G,Rochester,USA,43.157285,-77.615214
CGY,20242025,8479291,Kevin,Rooney,21,C,Canton,USA,40.7985464,-81.3749508
WSH,20242025,8479292,Charlie,Lindgren,79,G,Lakeville,USA,44.650051,-93.2432791
SEA,20242025,8479293,Brandon,Tanev,13,L,Toronto,CAN,43.6534817,-79.3839347
DET,20242025,8479312,Alex,Lyon,34,G,Baudette,USA,48.7124408,-94.600171
FLA,20242025,8479314,Matthew,Tkachuk,19,L,Scottsdale,USA,33.4942189,-111.926018
CHI,20242025,8479315,Joey,Anderson,22,R,Roseville,USA,38.7521235,-121.2880059
SJS,20242025,8479316,Luke,Kunin,11,C,Chesterfield,USA,37.3859982,-77.578509
TOR,20242025,8479318,Auston,Matthews,34,C,San Ramon,USA,37.7648021,-121.9544387
NYR,20242025,8479323,Adam,Fox,23,D,Jericho,USA,40.7920441,-73.5398476
NYR,20242025,8479324,Ryan,Lindgren,55,D,Burnsville,USA,44.7670567,-93.2773887
BOS,20242025,8479325,Charlie,McAvoy,73,D,Long Beach,USA,33.7690164,-118.191604
SJS,20242025,8479336,Carl,Grundstrom,91,R,Umea,SWE,63.8256568,20.2630745
DET,20242025,8479337,Alex,DeBrincat,93,R,Farmington Hills,USA,42.4853125,-83.3771553
UTA,20242025,8479343,Clayton,Keller,9,C,Chesterfield,USA,37.3859982,-77.578509
PIT,20242025,8479344,Jesse,Puljujarvi,18,R,Alvkarleby,SWE,60.583333,17.416667
WSH,20242025,8479345,Jakob,Chychrun,6,D,Boca Raton,USA,26.3586885,-80.0830984
DAL,20242025,8479351,Sam,Steel,18,C,Ardrossan,CAN,53.5517087,-113.143322
VGK,20242025,8479353,Brett,Howden,21,C,Calgary,CAN,51.0456064,-114.057541
BUF,20242025,8479359,Beck,Malenstyn,29,L,Delta,CAN,49.0846258,-123.057938
TOR,20242025,8479361,Joseph,Woll,60,G,Dardenne Prairie,USA,38.7694969,-90.7290157
BOS,20242025,8479362,Riley,Tufte,10,L,Coon Rapids,USA,45.1728923,-93.3023898
BOS,20242025,8479365,Trent,Frederic,11,C,St. Louis,USA,38.6280278,-90.1910154
BOS,20242025,8479368,Max,Jones,49,L,Rochester,USA,43.157285,-77.615214
BOS,20242025,8479369,Andrew,Peeke,52,D,Parkland,USA,26.3100794,-80.23727
NSH,20242025,8479371,Dante,Fabbro,57,D,Coquitlam,CAN,49.2842958,-122.793281
SEA,20242025,8479372,Joshua,Mahura,28,D,St. Albert,CAN,53.633239,-113.628845
WPG,20242025,8479378,Logan,Stanley,64,D,Waterloo,CAN,43.4652699,-80.5222961
SJS,20242025,8479379,Givani,Smith,54,R,Toronto,CAN,43.6534817,-79.3839347
STL,20242025,8479385,Jordan,Kyrou,25,C,Toronto,CAN,43.6534817,-79.3839347
CAR,20242025,8479388,Riley,Stillman,61,D,Peterborough,CAN,44.3048009,-78.3199496
WSH,20242025,8479390,Taylor,Raddysh,16,R,Caledon,CAN,43.875427,-79.858285
OTT,20242025,8479393,Noah,Gregor,73,L,Beaumont,CAN,53.3525496,-113.4151434
NYI,20242025,8479395,Dennis,Cholowski,25,D,Langley,CAN,49.1039289,-122.657047
COL,20242025,8479398,Samuel,Girard,49,D,Roberval,CAN,48.514785,-72.224808
WSH,20242025,8479400,Pierre-Luc,Dubois,80,L,Ste-Agathe-des-Monts,CAN,46.046072,-74.279938
CGY,20242025,8479402,Jake,Bean,24,D,Calgary,CAN,51.0456064,-114.057541
MIN,20242025,8479406,Filip,Gustavsson,32,G,Skelleftea,SWE,64.7520185,20.959339
NJD,20242025,8479407,Jesper,Bratt,63,L,Stockholm,SWE,59.3251172,18.0710935
UTA,20242025,8479410,Mikhail,Sergachev,98,D,Nizhnekamsk,RUS,55.6412879,51.8160376
NJD,20242025,8479414,Nathan,Bastian,14,R,Kitchener,CAN,43.451291,-80.4927815
BUF,20242025,8479420,Tage,Thompson,72,C,Phoenix,USA,33.4484367,-112.074141
VAN,20242025,8479425,Filip,Hronek,17,D,Hradec Kralove,CZE,50.2092113,15.8327512
EDM,20242025,8479442,Troy,Stecher,51,D,Richmond,CAN,49.163168,-123.137414
LAK,20242025,8479496,David,Rittich,31,G,Jihlava,CZE,49.396064,15.5903065
WSH,20242025,8479520,Brandon,Duhaime,22,R,Coral Springs,USA,26.271192,-80.2706044
COL,20242025,8479525,Ross,Colton,20,C,Robbinsville,USA,35.3227597,-83.8069988
TBL,20242025,8479542,Brandon,Hagel,38,L,Saskatoon,CAN,52.131802,-106.660767
MTL,20242025,8479543,Michael,Pezzetta,55,L,Toronto,CAN,43.6534817,-79.3839347
VAN,20242025,8479576,Vincent,Desharnais,73,D,Laval,CAN,45.6055889,-73.7345601
TBL,20242025,8479591,Michael,Eyssimont,23,C,Littleton,USA,39.613321,-105.016649
UTA,20242025,8479619,Michael,Carcone,53,L,Ajax,CAN,43.8505287,-79.0208814
BOS,20242025,8479638,Justin,Brazeau,55,R,New Liskeard,CAN,47.508731,-79.6789029
WPG,20242025,8479639,Dylan,Coghlan,52,D,Duncan,CAN,48.7786872,-123.7080446
LAK,20242025,8479661,Tanner,Jeannot,10,L,Estevan,CAN,49.1428076,-102.991075
CBJ,20242025,8479671,Mathieu,Olivier,24,R,Biloxi,USA,30.4007626,-88.8893818
LAK,20242025,8479675,Trevor,Moore,12,L,Thousand Oaks,USA,34.1705609,-118.8375937
OTT,20242025,8479772,Zack,MacEwen,17,R,Charlottetown,CAN,46.234953,-63.132935
CBJ,20242025,8479941,Justin,Danforth,17,R,Oshawa,CAN,43.8975558,-78.8635324
CBJ,20242025,8479944,Zachary,Aston-Reese,27,C,Staten Island,USA,40.5724274,-74.1452008
EDM,20242025,8479973,Stuart,Skinner,74,G,Edmonton,CAN,53.5462055,-113.491241
UTA,20242025,8479976,Juuso,Valimaki,4,D,Tampere,FIN,61.4980214,23.7603118
UTA,20242025,8479977,Kailer,Yamamoto,56,R,Spokane,USA,47.6571934,-117.42351
DAL,20242025,8479979,Jake,Oettinger,29,G,Lakeville,USA,44.650051,-93.2432791
VGK,20242025,8479980,Nicolas,Hague,14,D,Kitchener,CAN,43.451291,-80.4927815
FLA,20242025,8479981,Jonah,Gadjovich,12,L,Whitby,CAN,43.87982,-78.9421751
TOR,20242025,8479982,Conor,Timmins,25,D,St. Catharines,CAN,43.1579812,-79.2441003
SJS,20242025,8479983,Mario,Ferraro,38,D,Toronto,CAN,43.6534817,-79.3839347
BOS,20242025,8479987,Morgan,Geekie,39,C,Strathclair,CAN,50.4044635,-100.3955365
DET,20242025,8479992,Michael,Rasmussen,27,C,Surrey,CAN,49.1913033,-122.849143
WPG,20242025,8479994,Jaret,Anderson-Dolan,28,C,Calgary,CAN,51.0456064,-114.057541
PIT,20242025,8479996,Cody,Glass,19,C,Winnipeg,CAN,49.8955367,-97.1384584
LAK,20242025,8479998,Mikey,Anderson,44,D,Roseville,USA,38.7521235,-121.2880059
COL,20242025,8479999,Casey,Mittelstadt,37,C,Eden Prairie,USA,44.8546856,-93.470786
ANA,20242025,8480001,Urho,Vaakanainen,5,D,Joensuu,FIN,62.6005753,29.7622128
NJD,20242025,8480002,Nico,Hischier,13,C,Brig,SUI,46.3163457,7.9879473
FLA,20242025,8480003,Jesper,Boqvist,70,C,Falun,SWE,60.6070068,15.6323059
SEA,20242025,8480009,Eeli,Tolvanen,20,R,Vihti,FIN,60.4168803,24.320558
SJS,20242025,8480011,Klim,Kostin,10,C,Penza,RUS,53.1953477,45.0190437
VAN,20242025,8480012,Elias,Pettersson,40,C,Sundsvall,SWE,62.3907552,17.3071024
WPG,20242025,8480014,Gabriel,Vilardi,13,C,Kingston,CAN,44.230687,-76.481323
PHI,20242025,8480015,Owen,Tippett,74,R,Peterborough,CAN,44.3048009,-78.3199496
MTL,20242025,8480018,Nick,Suzuki,14,C,London,CAN,42.9832406,-81.243372
STL,20242025,8480023,Robert,Thomas,18,C,Aurora,CAN,43.99973,-79.467545
DAL,20242025,8480027,Jason,Robertson,21,L,Arcadia,USA,34.1362075,-118.0401497
PHI,20242025,8480028,Morgan,Frost,48,C,Aurora,CAN,43.99973,-79.467545
BUF,20242025,8480035,Henri,Jokiharju,10,D,Oulu,FIN,65.0118734,25.4716809
DAL,20242025,8480036,Miro,Heiskanen,4,D,Espoo,FIN,60.2047672,24.6568435
CAR,20242025,8480039,Martin,Necas,88,C,Nove Mesto na Morave,CZE,49.5616916,16.0744185
TOR,20242025,8480043,Timothy,Liljegren,37,D,Kristianstad,SWE,56.0293778,14.1566859
BUF,20242025,8480045,Ukko-Pekka,Luukkonen,1,G,Espoo,FIN,60.2047672,24.6568435
WPG,20242025,8480049,Dylan,Samberg,54,D,Saginaw,USA,43.4200387,-83.9490365
MTL,20242025,8480051,Cayden,Primeau,30,G,Farmington Hills,USA,42.4853125,-83.3771553
STL,20242025,8480058,Pierre-Olivier,Joseph,77,D,Laval,CAN,45.6055889,-73.7345601
OTT,20242025,8480064,Josh,Norris,9,C,Oxford,USA,34.3663773,-89.5187664
PHI,20242025,8480068,Ryan,Poehling,25,C,Lakeville,USA,44.650051,-93.2432791
COL,20242025,8480069,Cale,Makar,8,D,Calgary,CAN,51.0456064,-114.057541
VAN,20242025,8480073,Erik,Brannstrom,26,D,Eksjo,SWE,57.6674439,14.9735595
STL,20242025,8480074,Alexandre,Texier,9,C,Saint-Martin-d'Hères,FRA,45.1836683,5.75448
NYR,20242025,8480078,Filip,Chytil,72,C,Kromeriz,CZE,49.2984191,17.3929804
WPG,20242025,8480113,Alex,Iafallo,9,L,Eden,USA,36.4884715,-79.7667026
TOR,20242025,8480144,David,Kampf,64,C,Chomutov,CZE,50.4606456,13.4178324
WPG,20242025,8480145,Neal,Pionk,4,D,Omaha,USA,41.2587459,-95.9383758
SJS,20242025,8480172,Jan,Rutta,84,D,Pisek,CZE,49.3089887,14.147769
FLA,20242025,8480185,Eetu,Luostarinen,27,C,Siilinjarvi,FIN,63.0743109,27.6623456
SJS,20242025,8480188,Fabian,Zetterlund,20,L,Karlstad,SWE,59.3809146,13.5027631
NJD,20242025,8480192,Johnathan,Kovacevic,8,D,Hamilton,CAN,43.2560802,-79.8728583
CBJ,20242025,8480193,Daniil,Tarasov,40,G,Novokuznetsk,RUS,53.7575903,87.1358494
BUF,20242025,8480196,Jacob,Bryson,78,D,London,CAN,42.9832406,-81.243372
OTT,20242025,8480208,Drake,Batherson,19,R,Fort Wayne,USA,41.0799898,-85.1386015
PHI,20242025,8480220,Noah,Cates,27,L,Stillwater,USA,36.1156306,-97.0585717
TBL,20242025,8480246,Nick,Perbix,48,D,Elk River,USA,45.3038538,-93.5671825
BOS,20242025,8480280,Jeremy,Swayman,1,G,Anchorage,USA,61.2163129,-149.894852
STL,20242025,8480281,Alexey,Toropchenko,13,R,Moscow,RUS,55.7505412,37.6174782
WPG,20242025,8480289,Morgan,Barron,36,C,Halifax,CAN,44.648618,-63.5859487
WSH,20242025,8480313,Logan,Thompson,48,G,Calgary,CAN,51.0456064,-114.057541
CAR,20242025,8480336,Sean,Walker,26,D,Keswick,CAN,44.2396166,-79.4686558
BOS,20242025,8480355,Mark,Kastelic,47,C,Phoenix,USA,33.4484367,-112.074141
COL,20242025,8480382,Alexandar,Georgiev,40,G,Ruse,BUL,43.8350657,25.9579915
UTA,20242025,8480434,Sean,Durzi,50,D,Mississauga,CAN,43.5896231,-79.6443879
COL,20242025,8480448,Parker,Kelly,17,C,Camrose,CAN,53.013131,-112.840576
VAN,20242025,8480459,Pius,Suter,24,C,Zurich,SUI,47.3744489,8.5410422
VGK,20242025,8480727,Zach,Whitecloud,2,D,Brandon,CAN,49.8511143,-99.9608924
VAN,20242025,8480748,Kiefer,Sherwood,44,L,Columbus,USA,39.9622601,-83.0007065
CAR,20242025,8480762,Eric,Robinson,50,L,Bellmawr,USA,39.8676134,-75.0946183
NYI,20242025,8480789,Oliver,Wahlstrom,26,R,Portland,USA,45.5202471,-122.674194
WSH,20242025,8480796,Martin,Fehervary,42,D,Bratislava,SVK,48.1516988,17.1093063
PHI,20242025,8480797,Joel,Farabee,86,L,Syracuse,USA,43.0481221,-76.1474244
CHI,20242025,8480798,Philipp,Kurashev,23,C,Munsingen,SUI,46.8739775,7.5631943
VAN,20242025,8480800,Quinn,Hughes,43,D,Orlando,USA,28.5421109,-81.3790304
OTT,20242025,8480801,Brady,Tkachuk,7,L,Scottsdale,USA,33.4942189,-111.926018
BUF,20242025,8480802,Ryan,McLeod,71,C,Mississauga,CAN,43.5896231,-79.6443879
EDM,20242025,8480803,Evan,Bouchard,2,D,Oakville,CAN,43.447436,-79.666672
ANA,20242025,8480806,Isac,Lundestrom,21,C,Gallivare,SWE,67.3,20.25
BUF,20242025,8480807,Mattias,Samuelsson,23,D,Philadelphia,USA,39.9527237,-75.1635262
DET,20242025,8480813,Joe,Veleno,90,C,Montréal,CAN,45.5031824,-73.5698065
NYR,20242025,8480817,K'Andre,Miller,79,D,St. Paul,USA,44.9497487,-93.0931028
WSH,20242025,8480823,Alexander,Alexeyev,27,D,St. Petersburg,RUS,59.9606739,30.1586551
FLA,20242025,8480825,Patrick,Giles,36,R,Chevy Chase,USA,38.9942121,-77.0771572
CAR,20242025,8480829,Jesperi,Kotkaniemi,82,C,Pori,FIN,61.4866126,21.7972071
CAR,20242025,8480830,Andrei,Svechnikov,37,R,Barnaul,RUS,53.3475493,83.7788448
EDM,20242025,8480834,Ty,Emberson,49,D,Eau Claire,USA,44.811349,-91.4984941
CAR,20242025,8480835,Jack,Drury,18,C,New York,USA,40.7127281,-74.0060152
BUF,20242025,8480839,Rasmus,Dahlin,26,D,Lidkoping,SWE,58.5037196,13.1576427
DAL,20242025,8480840,Oskar,Bäck,10,C,Karlstad,SWE,59.3809146,13.5027631
ANA,20242025,8480843,Lukas,Dostal,1,G,Brno,CZE,49.1922443,16.6113382
WPG,20242025,8480845,Rasmus,Kupari,15,C,Kotka,FIN,60.4674228,26.9450844
SJS,20242025,8480848,Ty,Dellandrea,53,C,Port Perry,CAN,44.1054151,-78.9425076
UTA,20242025,8480849,Barrett,Hayton,27,C,Peterborough,CAN,44.3048009,-78.3199496
LAK,20242025,8480851,Akil,Thomas,26,C,Toronto,CAN,43.6534817,-79.3839347
UTA,20242025,8480855,Jack,McBain,22,C,Toronto,CAN,43.6534817,-79.3839347
CGY,20242025,8480860,Kevin,Bahl,7,D,New Westminster,CAN,49.2067726,-122.9108818
NYI,20242025,8480865,Noah,Dobson,8,D,Summerside,CAN,46.394259,-63.7892386
FLA,20242025,8480871,Adam,Boqvist,34,D,Falun,SWE,60.6070068,15.6323059
WSH,20242025,8480873,Rasmus,Sandin,38,D,Uppsala,SWE,59.8586126,17.6387436
DAL,20242025,8480878,Nils,Lundkvist,5,D,Pitea,SWE,65.3134652,21.4900252
OTT,20242025,8480879,Jacob,Bernard-Docker,24,D,Canmore,CAN,51.0866897,-115.3481135
MIN,20242025,8480880,Jakub,Lauko,94,C,Prague,CZE,50.0596288,14.4464593
CAR,20242025,8480883,Ty,Smith,42,D,Lloydminster,CAN,53.2816669,-109.986339
CBJ,20242025,8480887,Jordan,Harris,22,D,Haverhill,USA,42.7777829,-71.0767724
UTA,20242025,8480891,Michael,Kesselring,7,D,New Hampton,USA,43.059421,-92.3181158
CBJ,20242025,8480893,Kirill,Marchenko,86,R,Barnaul,RUS,53.3475493,83.7788448
VAN,20242025,8480947,Kevin,Lankinen,32,G,Helsinki,FIN,60.1674881,24.9427473
DAL,20242025,8480950,Ilya,Lyubushkin,46,D,Moscow,RUS,55.7505412,37.6174782
STL,20242025,8480981,Joel,Hofer,30,G,Winnipeg,CAN,49.8955367,-97.1384584
MIN,20242025,8480990,Declan,Chisholm,47,D,Bowmanville,CAN,43.9122995,-78.6891675
TOR,20242025,8480995,Pontus,Holmberg,29,R,Vasteras,SWE,59.6110992,16.5463679
DET,20242025,8481013,Jonatan,Berggren,48,R,Uppsala,SWE,59.8586126,17.6387436
NYI,20242025,8481014,Alexander,Romanov,28,D,Moscow,RUS,55.7505412,37.6174782
WPG,20242025,8481019,David,Gustafsson,19,C,Tingsryd,SWE,56.533333,14.966667
COL,20242025,8481020,Justus,Annunen,60,G,Kempele,FIN,64.91245,25.5108223
CGY,20242025,8481028,Martin,Pospisil,76,C,Zvolen,SVK,48.5782517,19.1247135
PIT,20242025,8481030,Jack,St. Ivany,3,D,Manhattan Beach,USA,33.8897798,-118.3935254
NJD,20242025,8481032,Paul,Cotter,47,C,Canton,USA,40.7985464,-81.3749508
PHI,20242025,8481035,Samuel,Ersson,33,G,Falun,SWE,60.6070068,15.6323059
COL,20242025,8481042,Nikolai,Kovalenko,51,R,Raleigh,USA,35.7803977,-78.6390989
BOS,20242025,8481043,Cole,Koepke,45,L,Two Harbors,USA,47.0257139,-91.6730523
STL,20242025,8481059,Scott,Perunovich,48,D,Hibbing,USA,47.427155,-92.937689
CGY,20242025,8481068,Yegor,Sharangovich,17,C,Minsk,BLR,53.9024716,27.5618225
TOR,20242025,8481122,Simon,Benoit,2,D,Laval,CAN,45.6055889,-73.7345601
OTT,20242025,8481133,Cole,Reinhardt,51,L,Calgary,CAN,51.0456064,-114.057541
CBJ,20242025,8481161,Jake,Christiansen,2,D,West Vancouver,CAN,49.3311208,-123.159479
CGY,20242025,8481167,Brayden,Pachal,94,D,Estevan,CAN,49.1428076,-102.991075
PHI,20242025,8481178,Egor,Zamula,5,D,Chelyabinsk,RUS,55.1559312,61.4012726
COL,20242025,8481186,Logan,O'Connor,25,R,Missouri City,USA,29.6185669,-95.5377215
COL,20242025,8481206,John,Ludvig,3,D,Liberec,CZE,50.7702648,15.0583947
NYI,20242025,8481237,Kyle,MacLean,32,C,Livingston,USA,40.8682487,-88.5631125
SJS,20242025,8481477,Nico,Sturm,7,C,Augsburg,GER,48.3690341,10.8979522
PIT,20242025,8481481,Blake,Lizotte,46,C,Lindstrom,USA,45.3894083,-92.8479921
ANA,20242025,8481517,Brett,Leason,20,R,Calgary,CAN,51.0456064,-114.057541
FLA,20242025,8481519,Spencer,Knight,30,G,Darien,USA,41.0787079,-73.4692873
BUF,20242025,8481522,Peyton,Krebs,19,C,Calgary,CAN,51.0456064,-114.057541
MTL,20242025,8481523,Kirby,Dach,77,C,Fort Saskatchewan,CAN,53.7128571,-113.214894
BUF,20242025,8481524,Bowen,Byram,4,D,Cranbrook,CAN,49.5107477,-115.7672772
VGK,20242025,8481527,Kaedan,Korczak,6,D,Yorkton,CAN,51.212045,-102.461243
BUF,20242025,8481528,Dylan,Cozens,24,C,Whitehorse,CAN,60.721571,-135.054932
LAK,20242025,8481532,Alex,Turcotte,15,C,Elk Grove,USA,38.4087993,-121.3716178
ANA,20242025,8481533,Trevor,Zegras,11,C,Bedford,USA,40.0271453,-78.5237447
VAN,20242025,8481535,Nils,Hoglander,21,L,Bockträsk,SWE,65.4185521,18.2519817
MTL,20242025,8481540,Cole,Caufield,13,R,Mosinee,USA,44.7927669,-89.7030748
DET,20242025,8481542,Moritz,Seider,53,D,Zell,GER,50.0275681,7.1813233
PHI,20242025,8481546,Cam,York,8,D,Anaheim,USA,33.8347516,-117.911732
PHI,20242025,8481553,Bobby,Brink,10,R,Minnetonka,USA,44.9405086,-93.4638936
NYR,20242025,8481554,Kaapo,Kakko,24,R,Turku,FIN,60.4517531,22.2670522
BOS,20242025,8481556,John,Beecher,19,C,Elmira,USA,42.0897965,-76.8077338
MIN,20242025,8481557,Matt,Boldy,12,L,Milford,USA,41.2222218,-73.0570603
NJD,20242025,8481559,Jack,Hughes,86,C,Orlando,USA,28.5421109,-81.3790304
LAK,20242025,8481560,Arthur,Kaliyev,34,R,Tashkent,UZB,41.3123363,69.2787079
SJS,20242025,8481567,Henry,Thrun,3,D,Southborough,USA,42.3056501,-71.5245087
CHI,20242025,8481568,Alex,Vlasic,72,D,Wilmette,USA,42.0887132,-87.7025069
NSH,20242025,8481577,Philip,Tomasino,26,C,Mississauga,CAN,43.5896231,-79.6443879
WSH,20242025,8481580,Connor,McMichael,24,C,Ajax,CAN,43.8505287,-79.0208814
DAL,20242025,8481581,Thomas,Harley,55,D,Syracuse,USA,43.0481221,-76.1474244
TOR,20242025,8481582,Nicholas,Robertson,89,L,Pasadena,USA,34.1476507,-118.144155
MTL,20242025,8481593,Jayden,Struble,47,D,Cumberland,USA,40.1541581,-77.2803933
OTT,20242025,8481596,Shane,Pinto,12,C,Franklin Square,USA,40.7074705,-73.6759392
STL,20242025,8481598,Philip,Broberg,6,D,Orebro,SWE,59.2747287,15.2151181
NYI,20242025,8481601,Simon,Holmstrom,10,R,Tranas,SWE,58.0341073,14.9756413
VGK,20242025,8481604,Pavel,Dorofeyev,16,L,Nizhny Tagil,RUS,57.905149,59.9508466
ANA,20242025,8481605,Jackson,LaCombe,2,D,Eden Prairie,USA,44.8546856,-93.470786
LAK,20242025,8481606,Jordan,Spence,21,D,Manly,AUS,-33.7971937,151.2879845
DET,20242025,8481607,Albert,Johansson,20,D,Karlstad,SWE,59.3809146,13.5027631
UTA,20242025,8481609,Vladislav,Kolyachonok,52,D,Minsk,BLR,53.9024716,27.5618225
CAR,20242025,8481611,Pyotr,Kochetkov,52,G,Penza,RUS,53.1953477,45.0190437
EDM,20242025,8481617,Vasily,Podkolzin,92,R,Moscow,RUS,55.7505412,37.6174782
MTL,20242025,8481618,Alex,Newhook,15,C,St. John's,CAN,47.5614705,-52.7126162
CHI,20242025,8481624,Ilya,Mikheyev,95,R,Omsk,RUS,54.9830067,73.3745224
COL,20242025,8481641,Joel,Kiviranta,94,L,Vantaa,FIN,60.2933337,25.0407809
VGK,20242025,8481655,Cole,Schwindt,22,R,Kitchener,CAN,43.451291,-80.4927815
WSH,20242025,8481656,Aliaksei,Protas,21,C,Vitebsk,BLR,55.1930197,30.2070437
VAN,20242025,8481668,Arturs,Silovs,31,G,Riga,LAT,56.9493977,24.1051846
CGY,20242025,8481692,Dustin,Wolf,32,G,Gilroy,USA,37.0065078,-121.5631723
NJD,20242025,8481701,Santeri,Hatakka,82,D,Riihimaki,FIN,60.7390089,24.7728148
PIT,20242025,8481703,Valtteri,Puustinen,48,R,Kuopio,FIN,62.8924601,27.6781839
NSH,20242025,8481704,Juuso,Parssinen,13,C,Hameenlinna,FIN,60.9948584,24.46654
NYR,20242025,8481708,Zac,Jones,6,D,Richmond,USA,37.5385087,-77.43428
UTA,20242025,8481711,Matias,Maccelli,63,L,Turku,FIN,60.4517531,22.2670522
CBJ,20242025,8481716,Dmitri,Voronkov,10,L,Angarsk,RUS,52.5443167,103.8882138
NYR,20242025,8481726,Adam,Edstrom,84,C,Karlstad,SWE,59.3809146,13.5027631
LAK,20242025,8481732,Andre,Lee,47,L,Karlstad,SWE,59.3809146,13.5027631
COL,20242025,8481737,Matt,Stienburg,36,C,Halifax,CAN,44.648618,-63.5859487
NSH,20242025,8481743,Marc,Del Gaizo,7,D,Basking Ridge,USA,40.7064088,-74.5492725
SEA,20242025,8481789,Tye,Kartye,12,L,Kingston,CAN,44.230687,-76.481323
PIT,20242025,8482055,Drew,O'Connor,10,L,Chatham,USA,35.7151316,-79.2533035
NSH,20242025,8482062,Cole,Smith,36,L,Brainerd,USA,46.3580221,-94.2008288
TBL,20242025,8482070,Mitchell,Chaffee,41,R,Grand Rapids,USA,42.9632425,-85.6678639
NYR,20242025,8482073,Braden,Schneider,4,D,Prince Albert,CAN,53.201097,-105.748901
CGY,20242025,8482074,Connor,Zary,47,C,Saskatoon,CAN,52.131802,-106.660767
STL,20242025,8482077,Dylan,Holloway,81,C,Calgary,CAN,51.0456064,-114.057541
DET,20242025,8482078,Lucas,Raymond,23,L,Gothenburg,SWE,57.7072326,11.9670171
MIN,20242025,8482079,Marco,Rossi,23,C,Feldkirch,AUT,47.2375671,9.5981724
MTL,20242025,8482087,Kaiden,Guhle,21,D,Edmonton,CAN,53.5462055,-113.491241
STL,20242025,8482089,Jake,Neighbours,63,L,Calgary,CAN,51.0456064,-114.057541
OTT,20242025,8482092,Ridly,Greig,71,C,Lethbridge,CAN,49.6945782,-112.8331033
CAR,20242025,8482093,Seth,Jarvis,24,C,Winnipeg,CAN,49.8955367,-97.1384584
MIN,20242025,8482094,Daemon,Hunt,48,D,Brandon,CAN,49.8511143,-99.9608924
OTT,20242025,8482095,Tyler,Kleven,43,D,Fargo,USA,46.877229,-96.789821
BUF,20242025,8482097,Jack,Quinn,22,R,Ottawa,CAN,45.4208777,-75.6901106
SJS,20242025,8482101,Danil,Gushchin,75,L,Yekaterinburg,RUS,56.839104,60.60825
OTT,20242025,8482105,Jake,Sanderson,85,D,Whitefish,USA,48.4135522,-114.3357226
NYR,20242025,8482109,Alexis,Lafrenière,13,L,St-Eustache,CAN,45.5646052,-73.8929714
NJD,20242025,8482110,Dawson,Mercer,91,C,Carbonear,CAN,47.733123,-53.2366225
MTL,20242025,8482111,Justin,Barron,52,D,Halifax,CAN,44.648618,-63.5859487
FLA,20242025,8482113,Anton,Lundell,15,C,Espoo,FIN,60.2047672,24.6568435
OTT,20242025,8482116,Tim,Stützle,18,C,Viersen,GER,51.2562118,6.3905476
CHI,20242025,8482117,Lukas,Reichel,73,L,Nürnberg,GER,49.453872,11.077298
MIN,20242025,8482122,Brock,Faber,7,D,Maple Grove,USA,45.0984983,-93.4419222
CHI,20242025,8482123,Drew,Commesso,33,G,Norwell,USA,42.1617681,-70.7939307
LAK,20242025,8482124,Quinton,Byfield,55,R,Newmarket,CAN,44.056258,-79.461708
VGK,20242025,8482125,Alexander,Holtz,26,R,Stockholm,SWE,59.3251172,18.0710935
PHI,20242025,8482142,Jamie,Drysdale,9,D,Toronto,CAN,43.6534817,-79.3839347
SJS,20242025,8482144,Jack,Thompson,26,D,Courtice,CAN,43.9117719,-78.7780464
DAL,20242025,8482145,Mavrik,Bourque,22,C,Plessisville,CAN,46.219515,-71.771965
NSH,20242025,8482146,Luke,Evangelista,77,R,Toronto,CAN,43.6534817,-79.3839347
WSH,20242025,8482148,Hendrix,Lapierre,29,C,Gatineau,CAN,45.4277659,-75.710976
WPG,20242025,8482149,Cole,Perfetti,91,C,Whitby,CAN,43.87982,-78.9421751
VGK,20242025,8482153,Brendan,Brisson,19,C,Los Angeles,USA,34.0536909,-118.242766
LAK,20242025,8482155,Alex,Laferriere,14,R,Chatham,USA,35.7151316,-79.2533035
NYR,20242025,8482157,Will,Cuylle,50,L,Toronto,CAN,43.6534817,-79.3839347
PHI,20242025,8482159,Tyson,Foerster,71,R,Alliston,CAN,46.0544878,-62.6252289
CHI,20242025,8482172,Landon,Slaggert,84,L,South Bend,USA,41.6833813,-86.2500066
BUF,20242025,8482175,JJ,Peterka,77,R,Munich,GER,48.1371079,11.5753822
CHI,20242025,8482176,Wyatt,Kaiser,44,D,Andover,USA,42.65717,-71.1408776
MIN,20242025,8482177,Marat,Khusnutdinov,22,C,Moscow,RUS,55.7505412,37.6174782
BUF,20242025,8482221,Devon,Levi,27,G,Dollard-des-Ormeaux,CAN,45.48423,-73.8064547
OTT,20242025,8482245,Artem,Zub,2,D,Khabarovsk,RUS,51.6312684,136.121524
TOR,20242025,8482259,Bobby,McMann,74,C,Wainwright,CAN,52.8402725,-110.8514344
PIT,20242025,8482446,Joel,Blomqvist,30,G,Uusikaarlepyy,FIN,63.5222473,22.5284347
CBJ,20242025,8482451,Mikael,Pyyhtia,82,L,Turku,FIN,60.4517531,22.2670522
CBJ,20242025,8482475,Yegor,Chinakhov,59,R,Omsk,RUS,54.9830067,73.3745224
MTL,20242025,8482476,Emil,Heineman,51,L,Leksand,SWE,60.7329032,14.9968205
VAN,20242025,8482496,Nils,Aman,88,C,Avesta,SWE,60.216667,16.333333
BOS,20242025,8482511,Mason,Lohrei,6,D,Baton Rouge,USA,30.4494155,-91.1869659
STL,20242025,8482516,Matthew,Kessel,51,D,Bloomfield Hills,USA,42.583645,-83.2454883
CGY,20242025,8482624,Daniil,Miromanov,62,D,Moscow,RUS,55.7505412,37.6174782
TBL,20242025,8482655,J.J.,Moser,90,D,Biel,SUI,47.1402077,7.2439029
UTA,20242025,8482659,Josh,Doan,91,R,Scottsdale,USA,33.4942189,-111.926018
CBJ,20242025,8482660,Kent,Johnson,91,C,Port Moody,CAN,49.2821981,-122.8293554
SEA,20242025,8482665,Matty,Beniers,10,C,Hingham,USA,42.2417669,-70.8897676
SJS,20242025,8482667,William,Eklund,72,L,Stockholm,SWE,59.3251172,18.0710935
BUF,20242025,8482671,Owen,Power,25,D,Mississauga,CAN,43.5896231,-79.6443879
NJD,20242025,8482684,Luke,Hughes,43,D,Manchester,USA,42.9956397,-71.4547891
UTA,20242025,8482699,Dylan,Guenther,11,R,Edmonton,CAN,53.5462055,-113.491241
CHI,20242025,8482700,Nolan,Allan,42,D,Saskatoon,CAN,52.131802,-106.660767
DAL,20242025,8482702,Logan,Stankoven,11,C,Kamloops,CAN,50.6758269,-120.339415
CBJ,20242025,8482705,Cole,Sillinger,4,C,Columbus,USA,39.9622601,-83.0007065
FLA,20242025,8482713,Mackie,Samoskevich,25,R,Newtown,USA,41.4134764,-73.3086445
TOR,20242025,8482720,Matthew,Knies,23,L,Phoenix,USA,33.4484367,-112.074141
LAK,20242025,8482730,Brandt,Clarke,92,D,Nepean,CAN,45.3446891,-75.7639408
MTL,20242025,8482733,Logan,Mailloux,24,D,Belle River,CAN,45.9867318,-62.8351857
STL,20242025,8482737,Zack,Bolduc,76,C,Trois-Rivières,CAN,46.3432325,-72.5428485
DAL,20242025,8482740,Wyatt,Johnston,53,C,Toronto,CAN,43.6534817,-79.3839347
NSH,20242025,8482742,Zachary,L'Heureux,68,L,Montréal,CAN,45.5031824,-73.5698065
ANA,20242025,8482745,Mason,McTavish,23,C,Zurich,SUI,47.3744489,8.5410422
DET,20242025,8482762,Simon,Edvinsson,77,D,Kungsbacka,SWE,57.4888563,12.0787529
MTL,20242025,8482775,Oliver,Kapanen,91,C,Timra,SWE,62.4922058,17.2995411
ANA,20242025,8482803,Olen,Zellweger,51,D,Calgary,CAN,51.0456064,-114.057541
CHI,20242025,8482821,Arvid,Soderblom,40,G,Göteborg,SWE,57.7072326,11.9670171
SEA,20242025,8482858,Ryker,Evans,41,D,Calgary,CAN,51.0456064,-114.057541
TBL,20242025,8482929,Emil,Lilleberg,78,D,Sarpsborg,NOR,59.254955,11.2297811
MTL,20242025,8482964,Arber,Xhekaj,72,D,Hamilton,CAN,43.2560802,-79.8728583
VAN,20242025,8483395,Arshdeep,Bains,13,L,Surrey,CAN,49.1913033,-122.849143
UTA,20242025,8483431,Logan,Cooley,92,C,Pittsburgh,USA,40.4416941,-79.9900861
ANA,20242025,8483445,Cutter,Gauthier,61,L,Skelleftea,SWE,64.7520185,20.959339
TBL,20242025,8483447,Conor,Geekie,14,C,Strathclair,CAN,50.4044635,-100.3955365
MTL,20242025,8483457,Lane,Hutson,48,D,Holland,USA,42.7876022,-86.1090828
CBJ,20242025,8483460,David,Jiricek,55,D,Klatovy,CZE,49.3951183,13.2935954
DET,20242025,8483464,Marco,Kasper,92,C,Innsbruck,AUT,47.2654296,11.3927685
BUF,20242025,8483468,Jiri,Kulich,20,C,Kadan,CZE,50.3761991,13.2710364
UTA,20242025,8483472,Maveric,Lamoureux,10,D,Laval,CAN,45.6055889,-73.7345601
ANA,20242025,8483482,Tristan,Luneau,67,D,Victoriaville,CAN,46.0554948,-71.9598586
ANA,20242025,8483490,Pavel,Mintyukov,34,D,Moscow,RUS,55.7505412,37.6174782
CHI,20242025,8483493,Frank,Nazar,91,C,Detroit,USA,42.3315509,-83.0466403
NJD,20242025,8483495,Simon,Nemec,17,D,Liptovský Mikuláš,SVK,49.0835785,19.612785
MIN,20242025,8483499,Liam,Ohgren,28,L,Stockholm,SWE,59.3251172,18.0710935
BOS,20242025,8483505,Matthew,Poitras,51,C,Ajax,CAN,43.8505287,-79.0208814
MTL,20242025,8483515,Juraj,Slafkovsky,20,L,Kosice,SVK,48.7172272,21.2496774
SEA,20242025,8483524,Shane,Wright,51,C,Burlington,CAN,43.3248924,-79.7966835
CGY,20242025,8483609,Adam,Klapka,43,R,Praha,CZE,50.0596288,14.4464593
NYR,20242025,8483768,Victor,Mancini,90,D,Hancock,USA,40.3941712,-91.1458063
CGY,20242025,8483808,Andrei,Kuzmenko,96,L,Yakutsk,RUS,62.0274078,129.7319787
COL,20242025,8483930,Ivan,Ivan,82,C,Ostrava,CZE,49.8349139,18.2820084
CHI,20242025,8484144,Connor,Bedard,98,C,North Vancouver,CAN,49.3206294,-123.0737925
BUF,20242025,8484145,Zach,Benson,9,L,Chilliwack,CAN,49.1709788,-121.95255
CBJ,20242025,8484149,Gavin,Brindley,45,C,Fort Myers,USA,26.640628,-81.8723084
ANA,20242025,8484153,Leo,Carlsson,91,C,Karlstad,SWE,59.3809146,13.5027631
CBJ,20242025,8484166,Adam,Fantilli,19,C,Nobleton,CAN,43.9022127,-79.652722
CGY,20242025,8484180,Samuel,Honzek,29,L,Trencin,SVK,48.8922719,18.0387465
SJS,20242025,8484227,Will,Smith,2,C,Boston,USA,42.3554334,-71.060511
COL,20242025,8484258,Sam,Malinski,70,D,Lakeville,USA,44.650051,-93.2432791
FLA,20242025,8484304,Uvis,Balinskis,26,D,Ventspils,LAT,57.3903918,21.5635991
PHI,20242025,8484387,Matvei,Michkov,39,R,Perm,RUS,58.014965,56.246723
PHI,20242025,8484779,Jett,Luchanko,17,C,London,CAN,42.9832406,-81.243372
SJS,20242025,8484801,Macklin,Celebrini,71,C,North Vancouver,CAN,49.3206294,-123.0737925
COL,20242025,8484846,Maxmilian,Curran,90,C,Prague,CZE,50.0596288,14.4464593
NYI,20242025,8484958,Maxim,Tsyplakov,7,R,Moscow,RUS,55.7505412,37.6174782
